date,Ret,Ret_5,Ret_10,Ret_15,Ret_20,Ret_25,Ret_30,Ret_40,Ret_50,OT
2024-02-20 00:00:00,0.009767068832988945,0.006667885053477374,0.09448350362857783,0.225656531007995,0.22784584044229472,0.25032967872659806,0.25848807053137257,0.12759261346624928,0.18379065692730867,0.24921628267257012
2024-02-21 00:00:00,-0.008524364120598982,-0.006154566475339074,0.07341010768776446,0.20319309470196578,0.2034416459803119,0.23074815719278607,0.3121395673235787,0.20969305525563264,0.15305875974434446,0.31928447580143815
2024-02-22 00:00:00,-0.010305082651198116,-0.006929978215942323,0.026957524275165845,0.15764959831968106,0.18800397627261534,0.22051261988537996,0.28759602139550355,0.19752845869443325,0.1973665557706339,0.31660909757392086
2024-02-23 00:00:00,-0.011168964874795462,-0.026679388088708067,0.019892626588603024,0.11987185528646083,0.1800254515348696,0.1719566810094144,0.2658596019720205,0.2137913212761493,0.14830328044236718,0.22039019574311336
2024-02-24 00:00:00,0.016540904827679226,-0.004017891192166001,-0.004931700708656894,0.09383171041028993,0.21105597750453442,0.20065119006521348,0.2914145526948646,0.213096054566986,0.16775268717434977,0.3168939545084979
2024-02-25 00:00:00,0.003143945229742817,-0.010550598404414302,-0.003953063528342904,0.0829360477215364,0.21272512116758224,0.21489133207725764,0.23713795241323332,0.19877890949997945,0.17604420616781424,0.26594415507015445
2024-02-26 00:00:00,0.053914352844811164,0.05176051535585935,0.04528738534796495,0.12897036804987172,0.26547098935635094,0.26573240577695656,0.2944523160823591,0.2755970758497508,0.24075008936005937,0.16977167140657135
2024-02-27 00:00:00,0.04700762695380023,0.11266741093947008,0.10495665002007071,0.14266216968005696,0.2880789813374771,0.32185330846504656,0.3580246167868153,0.3834833510317581,0.21534508566671118,0.12221751208014586
2024-02-28 00:00:00,0.09493531994124749,0.23205967886207057,0.1991890805412604,0.25656858198854815,0.3797489583909084,0.4538617788671213,0.44392057204471724,0.5018544604287916,0.3546847462586262,0.07566432722092675
2024-02-29 00:00:00,-0.020900898468654838,0.1866797675115106,0.18191181732570438,0.18082741806112534,0.29802795980640084,0.4371356258285062,0.4247884750890061,0.46879928448144126,0.3124876693420826,0.1431480585743623
2024-03-01 00:00:00,0.020298739001094468,0.20697321271556168,0.19423892306331414,0.20220197092868908,0.30707480068395565,0.46372673563650557,0.46634129417757597,0.5029354380394144,0.34661498836008153,0.12087006144961943
2024-03-02 00:00:00,-0.006578811548619723,0.13769469043508842,0.19658235392963364,0.18921790828915608,0.2844235933888868,0.4397196254903588,0.4400170375640744,0.5700830521522589,0.44749736359011516,0.1197084367335508
2024-03-03 00:00:00,0.01833832389535761,0.10654218205942234,0.2312134248073694,0.2226811425942785,0.26440389059452407,0.4253137266740499,0.4626864443113794,0.5853055072707007,0.4744131149334634,0.11996038302755574
2024-03-04 00:00:00,0.08173591649219114,0.0932028583309803,0.3468911625663653,0.3109569305270061,0.3736843655187876,0.5083455050921339,0.5893658522757008,0.7049751109458913,0.6348448038265975,0.022865572877560858
2024-03-05 00:00:00,-0.06628402455760396,0.04253080370153772,0.23715021176012918,0.23217947682091178,0.2310489571840766,0.35323413216403443,0.498258159023105,0.5976737873365643,0.5007820407929238,0.09159867745922434
2024-03-06 00:00:00,0.03613733749494208,0.058714521456068036,0.2778400673104491,0.2643580899351867,0.2727886843453089,0.38381907211339983,0.5496687504618556,0.5808644443840372,0.5318477224058005,0.07906665243779853
2024-03-07 00:00:00,0.012384196927533564,0.07892388751105894,0.22748597820491656,0.29102128502889424,0.2830756087091062,0.3857952965900613,0.5533478952600239,0.5889220674459743,0.5657775244447625,0.04148889004585565
2024-03-08 00:00:00,0.020539401213709896,0.08125591689785949,0.19645528164881898,0.331256800537046,0.322031219909499,0.36714418805400295,0.541128900402055,0.6248157253636986,0.6552759624151538,-0.0417733115300446
2024-03-09 00:00:00,0.0029105240064184468,0.002465501670250392,0.09589815180411798,0.35021192497731835,0.314189097028847,0.3770711866163712,0.5120643334542534,0.5823898862557506,0.6458795274626836,-0.036760750089788186
2024-03-10 00:00:00,0.007604594828588107,0.08179454160191324,0.1278041328961792,0.3383423462237587,0.3329650322987634,0.33174204232646143,0.46392129768445445,0.6068823307082261,0.6565179034331203,-0.007402881397352901
2024-03-11 00:00:00,0.04497430707429584,0.09102091064519047,0.15507968131228655,0.3941502338959577,0.37944111466270125,0.38863906945331284,0.509775544225344,0.6937410347736803,0.7360101868035087,-0.05942919411689518
2024-03-12 00:00:00,-0.008909905479502545,0.06807279364573149,0.15236925066504958,0.31104437790228867,0.3789047105569132,0.37041814985263244,0.4801302538500618,0.6594313545226171,0.8093154302905925,-0.03616582355194564
2024-03-13 00:00:00,0.022414410239567806,0.0700351344686112,0.15698182043278242,0.28024918818477396,0.4244915495749111,0.414619854167563,0.4628923151023452,0.6923016250617335,0.8341696517441712,-0.050913616787647054
2024-03-14 00:00:00,-0.0230819028918976,0.04230303938579283,0.04487283927030572,0.14225797448270527,0.40732999321880103,0.369783290160838,0.43532548326084397,0.6606852107065808,0.7814821850592379,0.003288190831933102
2024-03-15 00:00:00,-0.027911980219644583,0.005563395371322999,0.08781299234738382,0.13407855318889284,0.3457880738379855,0.3403808437895899,0.3391510498405368,0.6298246912758063,0.7379703033975655,-0.00381474665406234
2024-03-16 00:00:00,-0.05891115205258901,-0.09440405292107978,-0.011975885141362719,0.04603547794961749,0.262536801435308,0.24921628267257012,0.2575459132523632,0.5311100954991654,0.5619321933740298,0.08072810479484382
2024-03-17 00:00:00,0.04708722796395115,-0.043237385657632244,0.021892118356446444,0.10254381695404824,0.25435824652065686,0.31928447580143815,0.31116485179523545,0.5873539712317932,0.623706937405671,0.024418323052318947
2024-03-18 00:00:00,-0.0123120859035869,-0.07573400630785332,-0.01100291315485935,0.06935895194605446,0.18329078809116428,0.31660909757392086,0.30748502520882215,0.5241719929504873,0.6069380190448719,-0.0052218194771819215
2024-03-19 00:00:00,-0.08343356981432348,-0.13283295202721068,-0.09614915024275605,-0.09392070446302225,-0.009471524244454743,0.22039019574311336,0.1878309320912286,0.36668063268024764,0.4302444433395287,0.030828843755106528
2024-03-20 00:00:00,0.09692504638897836,-0.021470036695366068,-0.016026087626816232,0.06445760748398932,0.10972984503649941,0.3168939545084979,0.31160281788766153,0.4404603666890008,0.5811302936703133,-0.03202514681437252
2024-03-21 00:00:00,-0.03566706353999505,0.0026988152986693326,-0.09196001672469034,-0.009309390544728124,0.04885853450045863,0.26594415507015445,0.2525876866875938,0.3709365599278529,0.5379845808885981,-0.03153360568147201
2024-03-22 00:00:00,-0.02615044343853401,-0.06743414439113549,-0.10775585394123577,-0.04701830230496562,0.028194718004015407,0.16977167140657135,0.23031965596726045,0.32063755440219044,0.48061791185917113,0.0005190060391258022
2024-03-23 00:00:00,0.004444134671348854,-0.0516130748465804,-0.12343821621843509,-0.06204809382124754,0.014166048321402114,0.12221751208014586,0.24865485367714957,0.282315497206455,0.4834069311605542,-0.043481360035570904
2024-03-24 00:00:00,0.04951388799118828,0.08594992829503711,-0.05830000643413047,-0.018463234516712612,-0.016043253982001238,0.07566432722092675,0.32528264555920017,0.3516459983516653,0.5638672522373218,-0.055350097502037565
2024-03-25 00:00:00,0.04052464020923141,0.030113827872011223,0.007997246187195106,0.013605133400939273,0.09651250065281514,0.1431480585743623,0.35655067238025895,0.34986057046795227,0.6428588005739082,-0.0874120352957678
2024-03-26 00:00:00,0.00041486463910467286,0.0686570443777319,0.0715411523581293,-0.029616675296202488,0.05870849859324467,0.12087006144961943,0.3528601391045363,0.34751219702969327,0.6406474761183409,-0.0713466056545764
2024-03-27 00:00:00,-0.007608353371227561,0.08900426847862697,0.015568197395476435,-0.028342316416938185,0.03780113657190087,0.1197084367335508,0.2738863433071339,0.33157732502599413,0.6120662111924231,-0.06520303513363579
2024-03-28 00:00:00,0.018567460837021654,0.10431658097927765,0.04731940663087464,-0.03199828791724535,0.035795842154316304,0.11996038302755574,0.23928340605541787,0.36935444078045765,0.5962949072603019,-0.05523041948442875
2024-03-29 00:00:00,-0.01204502883045766,0.03954322892446571,0.12889189491011477,-0.021062148010387416,0.020349898498572605,0.022865572877560858,0.11819956795810516,0.340932711761315,0.5428346891633593,-0.049869990684398235
2024-03-30 00:00:00,-0.0035414711944022903,-0.004481319812282392,0.02549755836626222,0.003480088157130412,0.00906284463479845,0.09159867745922434,0.13802524653110093,0.3450454872901063,0.47718858896294125,-0.07708209870124272
2024-03-31 00:00:00,0.02424203264779501,0.01922923436583801,0.089206501140775,0.0921460683094637,-0.010956946920772204,0.07906665243779853,0.1424235345548852,0.3643266515890111,0.49323301372498696,-0.09605482905102525
2024-04-01 00:00:00,-0.022871394296192005,0.0035534297891945954,0.09287396868679898,0.019176947681060152,-0.02488959905919441,0.04148889004585565,0.12368724204785231,0.3445843251703171,0.4432904052763502,-0.0853177162872154
2024-04-02 00:00:00,-0.061047985989492126,-0.07488845825353707,0.021616014805922346,-0.03111272903072093,-0.10449044372190719,-0.0417733115300446,0.036088276637581185,0.2756457954817215,0.3100340479799333,-0.030984351895096407
2024-04-03 00:00:00,0.008156830210526378,-0.055971631567169444,-0.018641701683040135,0.06570597368904219,-0.07585489678910629,-0.036760750089788186,-0.034385882110283705,0.3005771218349753,0.3264490168693186,-0.04346084751911783
2024-04-04 00:00:00,0.038314642609167615,-0.016317839983604476,-0.020726034336274624,0.00876365330526463,-0.01289453934815099,-0.007402881397352901,0.0737861449141306,0.3284347565656094,0.32188331393525016,-0.06813314020133354
2024-04-05 00:00:00,-0.009797320875087778,-0.049009238824550994,-0.030722414598161718,0.03582531959711299,0.03862082081639073,-0.05942919411689518,0.02618241716086578,0.3112970090176399,0.3061133686364672,-0.10614734076698296
2024-04-06 00:00:00,0.015602971156545964,-0.011564049036777546,-0.00805171128391402,0.080235920521887,0.007391135480923072,-0.03616582355194564,0.02944506145010628,0.26362937826230404,0.32085584885267826,-0.15446587264202827
2024-04-07 00:00:00,0.006770270726916605,0.05982831401256683,-0.019540594437279846,0.08273757853999819,0.026854162859607955,-0.050913616787647054,0.015555775682958073,0.21506707162483818,0.3425964410122786,-0.14761741605222645
2024-04-08 00:00:00,0.03270935878474601,0.08563924360585884,0.024874243847891275,0.06540108069115713,0.1569722271820171,0.003288190831933102,0.045730330683997344,0.14601393668210183,0.3742873990172799,-0.12203486732308022
2024-04-09 00:00:00,-0.03479403115822832,0.009198401848666382,-0.0072695361844093975,-0.011718278880162525,0.01804266675869526,-0.00381474665406234,0.001727425773382807,0.12975233082267157,0.3352676304505744,-0.07589843334206425
2024-04-10 00:00:00,0.0209558550176423,0.040541536559372426,-0.010454612112731243,0.008573588066586924,0.07781926966068298,0.08072810479484382,-0.021297008403507012,0.13047993963265858,0.3500631456515866,-0.09288775550070616
2024-04-11 00:00:00,-0.007469744331340511,0.016902260672829073,0.0051427530647985,0.008714457265932118,0.09849434963870163,0.024418323052318947,-0.019874847056238987,0.12946608805576898,0.35149919032946686,-0.09846703044395266
2024-04-12 00:00:00,-0.04088948430588779,-0.031237135220316015,0.026722313657436825,-0.050167337466873185,0.04891595839102658,-0.0052218194771819215,-0.08056035647581195,0.06377495254268384,0.30973400254437444,-0.07234151421375312
2024-04-13 00:00:00,-0.05021729270691988,-0.10902887767163782,-0.032726784680773724,-0.08686664471341277,-0.05075840340674975,0.030828843755106528,-0.10609919459568051,-0.06598732743117575,0.2580134144079418,-0.04126403137364931
2024-04-14 00:00:00,0.03004089104268326,-0.049180466799566225,-0.04043444664762719,-0.05609248380100995,-0.0603224352543148,-0.03202514681437252,-0.05280760243245963,0.030368196326638897,0.2747202322764035,-0.04090078657735641
2024-04-15 00:00:00,-0.03517737178558533,-0.10145752485626014,-0.06502923225007129,-0.1108514379007014,-0.0937537918140463,-0.03153360568147201,-0.02891989376023807,-0.04054943757562779,0.2260243712694079,-0.04151964235014727
2024-04-16 00:00:00,0.006080330797783695,-0.0891905758384649,-0.07379583752801722,-0.08450650788091063,-0.08125336603420097,0.0005190060391258022,-0.06695013708019193,-0.046523699048685474,0.1703787899684297,-0.04729766831047588
2024-04-17 00:00:00,-0.03972884891052719,-0.08808839038766214,-0.11657389664609874,-0.06372000232774322,-0.1338365678470439,-0.043481360035570904,-0.09285022819220423,-0.10283151834985582,0.07342196839916637,0.0028020952349017136
2024-04-18 00:00:00,0.03649124077498622,-0.004837223855093331,-0.11333870443876382,-0.03740570175230862,-0.09128367516248648,-0.055350097502037565,0.025842493881576,-0.07279139018804714,0.016126201829784748,-0.009624912319222356
2024-04-19 00:00:00,0.005208661031110617,-0.028828612130145426,-0.07659127432796742,-0.06809738979867108,-0.08330402747223964,-0.0874120352957678,-0.05993051840859542,-0.07499615429587503,0.04322316012997174,-0.035881158255829604
2024-04-20 00:00:00,0.018026421268684478,0.02472527438688288,-0.07924081561006235,-0.041911823473739784,-0.08886699573209389,-0.0713466056545764,-0.007588008347471198,-0.09885023169762108,0.0408997871853527,0.019587071658832444
2024-04-21 00:00:00,-0.0010431180502996629,0.0174698119233192,-0.07327890650037616,-0.0576152250070362,-0.0685130087565674,-0.06520303513363579,0.017997884900335714,-0.09169734649747174,0.046700048193784705,0.00469664653396995
2024-04-22 00:00:00,0.029433758205850147,0.0907520976350038,-0.005330498957629826,-0.03640112466121459,0.021249371434710618,-0.05523041948442875,0.043324712968181966,-0.08546142853722116,0.058104501267002284,0.0032047089830387065
2024-04-23 00:00:00,-0.006439574982440521,0.04557383128942183,0.040516156610447274,-0.0729301521439959,0.006463408396190973,-0.049869990684398235,-0.012298782218026716,-0.06988176956971426,-0.028144723713234843,0.00803422911952767
2024-04-24 00:00:00,-0.03208044676017341,0.006787341667750635,-0.02223694010272914,-0.0703237838078491,-0.061772248382165995,-0.07708209870124272,-0.08121798897744292,-0.07387026304292943,0.007455960461166367,0.031138228487271213
2024-04-25 00:00:00,0.0031863484195515657,-0.007888895787181771,0.016641323486753512,-0.08650458886080503,-0.04947008125328656,-0.09605482905102525,-0.07867265550498004,-0.012759835580751222,-0.024582910396776292,0.10803821117629231
2024-04-26 00:00:00,-0.011265004482557628,-0.018040732386627956,-0.0008860886650620126,-0.08999763374524605,-0.07461653653791678,-0.0853177162872154,-0.08206745701262186,-0.06777690198766273,-0.047368563591363655,0.1000890734486497
2024-04-27 00:00:00,-0.005272966802647994,-0.05114688418992697,0.034963526417346236,-0.05620474473469639,-0.08568620474371136,-0.030984351895096407,-0.10355243980522466,-0.06113307318111272,-0.07146334444087055,0.08992861234470562
2024-04-28 00:00:00,-0.004823625063903991,-0.04960364728496536,-0.00629044424824865,-0.011097239816365234,-0.11891619788557173,-0.04346084751911783,-0.09699990454135021,0.01938948886632974,-0.07862394425456531,0.07631255753315891
2024-04-29 00:00:00,0.011533090916022948,-0.006779688415951335,-3.836280988067653e-05,-0.028865868993459776,-0.07662669888135254,-0.06813314020133354,-0.08333919450555205,-0.05996658211539241,-0.0750316400425467,0.07338499682469801
2024-04-30 00:00:00,-0.050191249309274655,-0.059627012675651625,-0.0670455171737343,-0.043977961595382475,-0.14097359131995146,-0.10614734076698296,-0.14995437921729393,-0.07412478357723074,-0.15926828396444492,0.14230767372488695
2024-05-01 00:00:00,-0.03929695449375714,-0.08628783553725483,-0.10277187217473371,-0.08709746552931452,-0.16851976826314896,-0.15446587264202827,-0.16424367075306479,-0.08662366360079088,-0.18504531069920505,0.17619528215163838
2024-05-02 00:00:00,0.014924669552331737,-0.0677351819800065,-0.11541762266161848,-0.03513991638720193,-0.12013288810195843,-0.14761741605222645,-0.096620803160956,-0.07709334506672105,-0.19101529628780778,0.17372335247518111
2024-05-03 00:00:00,0.06370405294167747,-0.0035395832156082108,-0.05296765426321082,-0.009807761912977053,-0.014597543428179871,-0.12203486732308022,-0.04684659744831121,-0.06461499883685451,-0.11914795042305504,0.08596592329916186
2024-05-04 00:00:00,0.015926845790239064,0.0007887011010672129,-0.005996334462602726,0.0007503080343960189,-0.0280999344350511,-0.07589843334206425,-0.06739817578296237,-0.08672731321375704,-0.07942364670148627,0.057701300979315695
2024-05-05 00:00:00,0.002185896653241981,0.05597713333764953,-0.006987628577072802,-0.014821399690610582,0.009537411522124284,-0.09288775550070616,-0.0561120312768838,-0.08511054878621205,-0.019658303166081303,0.06768362802030503
2024-05-06 00:00:00,-0.013574390387488533,0.08425063536732003,-0.0093070051384192,-0.027179832336023946,-0.010184846971722394,-0.09846703044395266,-0.0832290851873666,-0.09061065990692763,-0.07645310715101672,0.06854545968421077
2024-05-07 00:00:00,-0.01309542885757653,0.054316581722335444,-0.017097743805165266,-0.0673701316727805,0.01726798519497219,-0.07234151421375312,-0.10131890777253172,-0.11887967052420034,-0.07718557936300485,0.086181710374162
2024-05-08 00:00:00,-0.018398626419713127,-0.027061519653849064,-0.030505316368701685,-0.07859578870019768,-0.03660386862505782,-0.04126403137364931,-0.14579393801641083,-0.12454620813428419,-0.011707309994466786,0.10727048508906956
2024-05-09 00:00:00,0.03043115176709965,-0.013170955117555616,-0.012392641963291817,-0.019088312128081597,-0.012430529356604936,-0.04090078657735641,-0.08806973360057868,-0.0946990436698274,-0.07161607969676576,0.09127397110054702
2024-05-10 00:00:00,-0.035799920573900024,-0.05057470212549198,0.0025714043677669274,-0.057208933468715695,-0.06464651394166698,-0.04151964235014727,-0.13876468706064438,-0.147768568195212,-0.071743984001714,0.16079193464015917
2024-05-11 00:00:00,1.5356984674586016e-05,-0.03749469911145453,0.0435969840328192,-0.04645274089257989,-0.0636554318121394,-0.04729766831047588,-0.13226973787651275,-0.1278072154115587,-0.04680321004683974,0.1692462792011149
2024-05-12 00:00:00,0.010768936188532141,-0.014220333452544254,0.039323848365697245,-0.031074941639513853,-0.08063243938819598,0.0028020952349017136,-0.0855331272117158,-0.061096456607732,-0.04080110371243184,0.15148922282283483
2024-05-13 00:00:00,0.023646747788683697,0.028004011462378964,0.00018466070195422013,-0.0033555761355752445,-0.052792774605473713,-0.009624912319222356,-0.014415578318841882,-0.046670587471925984,-0.06444226998594227,0.10240045020822808
2024-05-14 00:00:00,-0.02144084393922019,-0.023745801785414522,-0.036604002013424064,-0.035844170529048314,-0.042380846637284475,-0.035881158255829604,-0.06367536639183735,-0.10153513483432564,-0.12015674847968583,0.12595667057633575
2024-05-15 00:00:00,0.07659609250545496,0.0900553500425465,0.03492612541384599,0.09285832313075382,0.027694446044744803,0.019587071658832444,0.044796641766915446,-0.02314568170463993,-0.05315700507331467,0.05101294599220796
2024-05-16 00:00:00,-0.01563225228621834,0.07299885177781684,0.032767082683471394,0.11977836558600741,0.023155114138146082,0.00469664653396995,0.022248507988908095,-0.05318917681989932,-0.06081262420863043,0.06562310901334989
2024-05-17 00:00:00,0.02790508695432159,0.0911900223186517,0.07567293634119121,0.13409981329447218,0.05728135605747964,0.0032047089830387065,0.09424764068056302,-0.03331307068937028,-0.05220270792284876,0.004178201579001284
2024-05-18 00:00:00,-0.0016564833198177142,0.06421720833016886,0.09401955923070782,0.06441372742689078,0.0606461464628274,0.00803422911952767,0.053974211011383444,-0.06548186057651517,-0.04223642849621778,0.01942586167839755
2024-05-19 00:00:00,-0.009895869986810912,0.07677277012097217,0.05120393735374784,0.037358577475463894,0.03817674332772025,0.031138228487271213,0.03813691595069346,-0.04137531336887612,-0.04834407021560927,0.007212477770426329
2024-05-20 00:00:00,0.07800174241430358,0.07817865070767271,0.17527440650555293,0.11583525348082024,0.178296512247766,0.10803821117629231,0.0992970132001072,0.01218782127642526,0.0016057902197497143,-0.0760985149970439
2024-05-21 00:00:00,-0.018358253231772315,0.07519286005358916,0.15368070427720792,0.11042379339964303,0.20397770352055278,0.1000890734486497,0.08024266087310905,0.0010836599292709526,0.00623198598949215,-0.056255009759981545
2024-05-22 00:00:00,-0.01446030042296964,0.030878494262837508,0.12488432716248377,0.10888809693469237,0.16911910787277074,0.08992861234470562,0.03418215983382322,0.028669452908829607,0.05615788067928329,-0.03592600031262505
2024-05-23 00:00:00,-0.017255976976508713,0.014770629321171569,0.0799363662316257,0.11017891661021606,0.08013578803907984,0.07631255753315891,0.022923529060905112,0.06436845896484811,0.029535101587298662,-0.021187618056571433
2024-05-24 00:00:00,0.008781729788116976,0.03391354480174824,0.11328995170177225,0.08685398917896836,0.0725390840681559,0.07338499682469801,0.06610778099586945,0.04240080612681085,0.00025190634603289297,-0.0494024231870589
2024-05-25 00:00:00,0.010796524727518797,-0.03054310875810473,0.04524772291844159,0.1393778724870367,0.08175417597762813,0.14230767372488695,0.07419527958419891,0.09207131071970309,0.02105475182127181,-0.062161115654664756
2024-05-26 00:00:00,-0.010796814497022966,-0.02307552813285163,0.05038221696318135,0.12705891272933112,0.08480017791566197,0.17619528215163838,0.07470393708564282,0.07375165410869378,-0.00548674850335118,-0.05384617840451811
2024-05-27 00:00:00,0.012791671360530277,0.003938216877481304,0.03493831734757613,0.12931436560492937,0.11325513875327875,0.17372335247518111,0.09422098760109154,0.1324788120074969,0.0004613440226381993,-0.07635117038519434
2024-05-28 00:00:00,-0.015827408107827234,0.005397594751180623,0.020247949943647647,0.08576542509360663,0.11617121250338269,0.08596592329916186,0.08212205654432969,0.07531502807783741,-0.046559784068037624,-0.05920738657292057
2024-05-29 00:00:00,-0.01051485738366742,-0.01383425863844534,0.01961011741316887,0.09788841057034747,0.07181816999044033,0.057701300979315695,0.05853551115999811,0.05849490276343161,-0.02257657070887753,-0.06506985667970255
2024-05-30 00:00:00,0.011644282841286824,-0.013007158437458144,-0.04315298814077373,0.0316520201800492,0.1245578039794637,0.06768362802030503,0.127449496828423,0.05185906222629488,-0.031491107771352,-0.11829999340625608
2024-05-31 00:00:00,-0.012778150001159894,-0.014984066708656818,-0.037713829588628234,0.03464321975461826,0.11017098679640869,0.06854545968421077,0.1585710935814708,0.03950257324657436,-0.036671038625261776,-0.08425921306425432
2024-06-01 00:00:00,0.0031933460054698326,-0.024319158687590603,-0.02047671593129885,0.009769488176132324,0.1018503903396073,0.086181710374162,0.14517938801100638,0.013005505525688799,0.0076056807344109245,-0.10184569574203528
2024-06-02 00:00:00,0.0006596674454519835,-0.007974338806275405,-0.0026197863043796454,0.012112147124389239,0.07710716372977044,0.10727048508906956,0.07730606309470467,0.020243688009043526,0.06158004105323833,-0.09072554211991068
2024-06-03 00:00:00,0.015544720172089965,0.018152147122380224,0.004066766985800774,0.03811823027192007,0.11781744252297677,0.09127397110054702,0.0769008506062252,0.0704433929229289,0.046640007311139486,-0.1233147519272143
2024-06-04 00:00:00,0.025622992224831664,0.03222078094382863,0.018794521703655587,-0.01232263017490054,0.06489265393252897,0.16079193464015917,0.1020852283160596,0.09438426608030848,0.11259626867096428,-0.1371785918544165
2024-06-05 00:00:00,0.007298724608017615,0.053212787135771045,0.03743137647491834,0.01349209956116848,0.08969946916888949,0.1692462792011149,0.1254057417752814,0.11493158475377241,0.11394365651420246,-0.11823570458799104
2024-06-06 00:00:00,-0.004581363662391591,0.04505042873191534,0.019635681519049264,0.023651227968889854,0.05526003653887379,0.15148922282283483,0.13511466210728318,0.11570676242508604,0.15471580528714757,-0.11172273081447026
2024-06-07 00:00:00,-0.01999201273457618,0.023482609094226836,0.015321012006978885,0.020801303372151025,0.03587918103482979,0.10240045020822808,0.13327208505199106,0.09870126156566195,0.09178994253430273,-0.10547011210530688
2024-06-08 00:00:00,-0.0005308786729295578,0.007281357173125169,0.025565676562162576,0.011377735741889383,0.04567713989446265,0.12595667057633575,0.09921992665786505,0.08559768766787812,0.08555604109017922,-0.13176177264272382
2024-06-09 00:00:00,0.00493781012787653,-0.013033903360178845,0.018766915038638476,0.0055156523638904,-0.025195921564236445,0.05101294599220796,0.14566228474278442,0.14860824574575782,0.07159921187971774,-0.18191894216261395
2024-06-10 00:00:00,-0.0019485261992140401,-0.02209449562630561,0.029942581816830627,0.014509853464800937,-0.008900497199881174,0.06562310901334989,0.14341237239923177,0.19326170334164883,0.07062796409481598,-0.18485807139295973
2024-06-11 00:00:00,-0.03136496113771259,-0.04840686957824614,-0.005537191074400649,-0.029721689933569384,-0.025900523517011664,0.004178201579001284,0.09574923419289405,0.13883831092512433,0.007396300482173324,-0.13408911063410112
2024-06-12 00:00:00,0.013502581655740586,-0.015883434726427947,0.007226189879044664,-0.0008057730136048491,0.004587472501387024,0.01942586167839755,0.08489054461496104,0.08509088126447306,0.02761616262149369,-0.1815923576212679
2024-06-13 00:00:00,-0.021757960505889518,-0.03678445349576864,-0.02977093706696432,-0.012159196374194825,-0.02582524154516397,0.007212477770426329,0.08453896978927,0.04484050315546684,0.038575290038472376,-0.1505668522645126
2024-06-14 00:00:00,-0.011164543099157487,-0.052218281148853074,-0.0645715764789031,-0.034431342155998856,-0.046990646670819536,-0.0760985149970439,-0.003869143512697515,0.03092184770957984,0.023718148745795586,-0.12122003640486567
2024-06-15 00:00:00,0.0027253941690672523,-0.04777977632549646,-0.06881860189275257,-0.0192678443704819,-0.03396320041375933,-0.056255009759981545,0.014707875217411903,0.04795689206423037,0.03820355188494684,-0.12763825756145097
2024-06-16 00:00:00,0.006768999939568809,-0.010292046179729675,-0.05820071002086025,-0.015772248227886587,-0.03970783910796316,-0.03592600031262505,-0.006156846844327601,0.06905018281755027,0.050771836676870796,-0.13946977407905792
2024-06-17 00:00:00,-0.0022321747830370553,-0.025657387996069092,-0.04113329527501086,-0.018616603274484445,-0.026442486978827118,-0.021187618056571433,-0.006729943187912202,0.08665686975062048,0.05350805815465476,-0.12920429649156984
2024-06-18 00:00:00,-0.02029695827328193,-0.02420220954943575,-0.060096397993538386,-0.05325262415902243,-0.036067126505029634,-0.0494024231870589,-0.01716428967737993,0.03316076846300575,0.020357176968924362,-0.09070809474988384
2024-06-19 00:00:00,-0.0027701435671353414,-0.01591848907972382,-0.06730553409034701,-0.07946218362358703,-0.04980173629161211,-0.062161115654664756,-0.09080563069680403,0.06855287278100408,0.07130055430526316,-0.0642316015623966
2024-06-20 00:00:00,-0.00202647819256907,-0.020582008883382907,-0.06737838142810193,-0.08798418570063682,-0.03945328230986789,-0.05384617840451811,-0.07567917753274978,0.06637109744210545,0.11286166115034857,0.0006400887531892163
2024-06-21 00:00:00,-0.011298352821403679,-0.038158523800915334,-0.048057840691535625,-0.09413838064321445,-0.05332892631940411,-0.07635117038519434,-0.07271364097553945,0.0430898920581797,0.08410820080526715,0.015616358394885843
2024-06-22 00:00:00,0.0024397531859308152,-0.033654816645003915,-0.05844870995247553,-0.07340377840952939,-0.05164488154973279,-0.05920738657292057,-0.054129369300737085,0.02148009184257793,0.021668719073369758,-0.0020821756909072953
2024-06-23 00:00:00,-0.01668075089399379,-0.030087914804188154,-0.053561930334627306,-0.08837613749485829,-0.0817382785444144,-0.06506985667970255,-0.07800392209127427,0.026448969044228665,-0.01112317108534322,0.01255554805393544
2024-06-24 00:00:00,-0.04595356431233677,-0.07208838379404348,-0.08685933472356677,-0.13454197071142238,-0.14582226702746048,-0.11829999340625608,-0.1297684050863288,-0.09039240700480144,-0.05862333813446463,0.10671894751208244
2024-06-25 00:00:00,0.025336630415439876,-0.04664627959182788,-0.0662682143342751,-0.11088171020138982,-0.13052633036661354,-0.08425921306425432,-0.09798073410353747,-0.052535003744172304,-0.021489339872162727,0.08670882571772909
2024-06-26 00:00:00,-0.016072632592061153,-0.05124986996169756,-0.08745277437988563,-0.09684475256715208,-0.1405636708385425,-0.10184569574203528,-0.12368805279322737,-0.0930711878862448,-0.024441221621168352,0.12075467601577539
2024-06-27 00:00:00,0.013048951973404943,-0.041208888748384354,-0.07347682779841702,-0.09724899231494177,-0.11158777901972439,-0.09072554211991068,-0.09797640471493896,-0.07971227610961784,0.006812770055987238,0.09707764886677794
2024-06-28 00:00:00,-0.020853310881755127,-0.04527736745564748,-0.07400298068527222,-0.09641415458888014,-0.12965206609884028,-0.1233147519272143,-0.10740103232417675,-0.08989706176518053,-0.043296207930342945,0.09296290527980422
2024-06-29 00:00:00,0.009403861104374522,0.010119293490552517,-0.06269857381636235,-0.07761899633347613,-0.12578414690929596,-0.1371785918544165,-0.10937781226891186,-0.14781082097398146,0.001556131610258138,0.07365654404593935
2024-06-30 00:00:00,0.029413551620566913,0.014135707851630208,-0.03316994992087319,-0.0530692546003233,-0.09831339381125548,-0.11823570458799104,-0.07131456883230869,-0.10633885292480871,0.03099962154288427,0.049441895223519605
2024-07-01 00:00:00,0.002771094932125795,0.03355797171410235,-0.019411739934121264,-0.056829540394743194,-0.06653669432035736,-0.11172273081447026,-0.07170545900484715,-0.09071388262138036,0.02284170234563576,0.0805079170697871
2024-07-02 00:00:00,-0.013093697885290578,0.006886067942274865,-0.03460658801385641,-0.06709672628454477,-0.09103258754106525,-0.10547011210530688,-0.0844642164247732,-0.08686272453175303,-0.013869848860174394,0.09325184761063188
2024-07-03 00:00:00,-0.02990687070088416,-0.0024239806423473897,-0.04759159663574597,-0.07624757953496253,-0.09860442918685575,-0.13176177264272382,-0.12543981999797438,-0.12188318753084615,-0.022401376257701555,0.13430976510536774
2024-07-04 00:00:00,-0.05311634426354228,-0.06421159608906535,-0.05474207858483482,-0.122884194408171,-0.13684655278113766,-0.18191894216261395,-0.19258173161125935,-0.17740669144209908,-0.14018621734190706,0.17273793778432522
2024-07-05 00:00:00,-0.005534237213954074,-0.09598088403188332,-0.08320193391626896,-0.12596715283605775,-0.1439565046607545,-0.18485807139295973,-0.2028682211693864,-0.1730304814558563,-0.1313659237506276,0.1683417016141664
2024-07-06 00:00:00,0.02896391234041995,-0.07236751129125496,-0.04123804647408447,-0.09037447191651071,-0.12508443927980473,-0.13408911063410112,-0.17600514612201923,-0.15982544559793566,-0.13047116038887796,0.10832465814347403
2024-07-07 00:00:00,-0.042097439142912196,-0.0996292813569859,-0.09342926741517521,-0.13078803987680454,-0.1600412090203951,-0.1815923576212679,-0.19459148198860032,-0.18225180841362465,-0.1656940839638753,0.17025142802467474
2024-07-08 00:00:00,0.015326802715911692,-0.057646636793191375,-0.05993088310385575,-0.10249473794326847,-0.12949879980434198,-0.1505668522645126,-0.18181278638515297,-0.16089527671457882,-0.14444033456900707,0.08306076428176068
2024-07-09 00:00:00,0.02299844211812685,0.018103984206541357,-0.04727009760399725,-0.037629144104426526,-0.10700490371642868,-0.12122003640486567,-0.1671084156118553,-0.15147761001124593,-0.1880938866436116,0.046042109949912424
2024-07-10 00:00:00,-0.004598069730556098,0.019062404174728043,-0.07874810626161877,-0.06572555863397189,-0.10930598544143044,-0.12763825756145097,-0.1693195064900852,-0.14444678784951925,-0.17671297589656598,0.006485352973691905
2024-07-11 00:00:00,-0.006885432015347748,-0.016441969311200455,-0.08761961620267655,-0.05700198109070409,-0.10533050693394397,-0.13946977407905792,-0.14832639090328947,-0.15304227040988228,-0.170385183244517,-0.058478717530121016
2024-07-12 00:00:00,0.009670444019596935,0.03671241120396118,-0.06657450129815756,-0.06014686989504481,-0.09887717297336074,-0.12920429649156984,-0.1515466397217956,-0.1454155546369118,-0.14765438326280989,-0.032213569547376086
2024-07-13 00:00:00,0.023013827240820017,0.04456134586114224,-0.01565410265192224,-0.01804013805246807,-0.06250069554856341,-0.09070809474988384,-0.11271496798235281,-0.1391302748310097,-0.13562931825361713,-0.07098351422967697
2024-07-14 00:00:00,0.026266900915231206,0.04789869768831223,0.06686983916131672,-0.001635576030515895,0.00846716658615776,-0.0642316015623966,-0.0791276205940763,-0.13858980186819536,-0.12240000920365701,0.015173173838934462
2024-07-15 00:00:00,0.06715755212726138,0.12343865839169177,0.14485410016346822,0.03496999154225233,0.04960002497789784,0.0006400887531892163,-0.01995509444259791,-0.08740041463517301,-0.053240555984527815,-0.06150808836329835
2024-07-16 00:00:00,0.003499237870556282,0.135186084097203,0.11652138933997502,0.035721515089986555,0.07047822839706375,0.015616358394885843,-0.023138062589524444,-0.0799921209391673,-0.06192713923091275,-0.06377139455633318
2024-07-17 00:00:00,-0.01502916014346345,0.10741598634432536,0.14807189740883842,0.0336903193238447,0.04080838109398055,-0.0020821756909072953,-0.03566691709481107,-0.07533311453741165,-0.06116628208278363,-0.08420789512337667
2024-07-18 00:00:00,-0.0022571629283560934,0.08006005257403026,0.12818898212758523,0.0631526816407959,0.060575620120638884,0.01255554805393544,-0.017910137010419325,-0.07693020028206077,-0.053331296338171685,-0.07220974123975166
2024-07-19 00:00:00,0.042768734230136385,0.09742685154393738,0.14999216854107655,0.1708116085979905,0.0956319264903076,0.10671894751208244,0.026937367271691715,-0.04218120070986431,-0.024205896681175565,-0.0914491913478317
2024-07-20 00:00:00,0.0067979482134701286,0.03535518279033245,0.16315803751285585,0.18533062614300944,0.07156154477573762,0.08670882571772909,0.03601790199839283,-0.03378730736879676,-0.0048564047672267074,-0.12546041053876456
2024-07-21 00:00:00,0.014753144342986024,0.04696634297177238,0.18850162305969542,0.16896031584703608,0.08436556699094666,0.12075467601577539,0.06331614461100243,0.012215466728549007,0.006610636280809379,-0.15544714051101016
2024-07-22 00:00:00,-0.00835268752223095,0.054063042530127836,0.16728626391260226,0.21014015722609725,0.08957476302043132,0.09707764886677794,0.0518682980862879,-0.009612046976761657,-0.0024553155742974564,-0.12859528567623857
2024-07-23 00:00:00,-0.02452573786440093,0.03053745960658749,0.11304234280219849,0.16264100759790323,0.09561866371203687,0.09296290527980422,0.043476422202058496,-0.012414189229754347,-0.04181554425042233,-0.09781475722329225
2024-07-24 00:00:00,-0.008426492953570563,-0.020057267329515516,0.07541546780793196,0.12692646818979902,0.1473283271718404,0.07365654404593935,0.08452118972319256,-0.009679599309775133,-0.07362614880156193,-0.10536856719217969
2024-07-25 00:00:00,0.00619673448871394,-0.020642444346812838,0.013982921050398778,0.13914761245694862,0.1608625046602794,0.049441895223519605,0.06427649926166046,-0.006251203902343239,-0.07463960668239,-0.09553113996877483
2024-07-26 00:00:00,0.032455548053117234,-0.003557517905944163,0.043241741459729255,0.18427350725441682,0.16480171859207204,0.0805079170697871,0.11676757118767878,0.019103148749829657,-0.040209378091904835,-0.13104107287641276
2024-07-27 00:00:00,-0.0014537411892032726,0.003374788692799058,0.057620282567556025,0.17122560839731427,0.21422412454540596,0.09325184761063188,0.1007800541112962,0.019898227631428345,-0.022053547316195354,-0.09788848225027635
2024-07-28 00:00:00,0.006525726007755361,0.03531438690743238,0.0669302581777369,0.15234875074027032,0.20369896197466253,0.13430976510536774,0.13156022019232672,0.047821391073211705,-0.015148900270867127,-0.11535935956055055
2024-07-29 00:00:00,-0.021037797689324123,0.022146764801945773,0.0016452938903137593,0.09923244123784869,0.15188424362988595,0.17273793778432522,0.09743456300499465,0.028626981047798594,-0.04060530729136458,-0.04078961537125969
2024-07-30 00:00:00,-0.009262185475442442,0.0064427931162061025,-0.014332646228946144,0.020515803234092855,0.14648690485282878,0.1683417016141664,0.05620323224192392,0.021169023922194885,-0.04763569207419727,-0.03054369209309238
2024-07-31 00:00:00,-0.023893373992326827,-0.04848641579689916,-0.05187144241045083,-0.007341311393368244,0.12685232956442705,0.10832465814347403,0.02811796093089991,0.008160402451710347,-0.0402896095608285,-0.004421391942029618
2024-08-01 00:00:00,0.011424614182306447,-0.03621464574111821,-0.032962073825279936,0.019318938705750632,0.1288100879062799,0.17025142802467474,0.05366011924358993,0.017196537590296046,-0.0422572877999815,-0.03789679598745366
2024-08-02 00:00:00,-0.06032105869640059,-0.10022289750503366,-0.0684478207770779,-0.04000058373262949,0.03685702000477464,0.08306076428176068,0.020625953778253603,-0.02794726492993449,-0.08001228580734132,-0.031115061915092723
2024-08-03 00:00:00,-0.011967302150066583,-0.09188608513858787,-0.07177429985277795,-0.09039197086275752,-0.0017717244448299807,0.046042109949912424,0.06497963978782262,0.006680440655308706,-0.0807591526992385,-0.027232468638036633
2024-08-04 00:00:00,-0.04223983565450573,-0.12211352025613276,-0.11645747928762862,-0.13469595659947653,-0.10410297397583723,0.006485352973691905,0.025671383568020234,-0.059666459107414305,-0.12198068374099202,0.021873180612431264
2024-08-05 00:00:00,-0.07098647891315102,-0.16446790962058522,-0.20497986596637374,-0.20780816432878457,-0.1706018108752123,-0.058478717530121016,-0.07395918156233283,-0.11214729586996453,-0.18979247808681987,0.09497835052463821
2024-08-06 00:00:00,0.03783671505322772,-0.14264902411735458,-0.17369768598474655,-0.17090909027857415,-0.1260859131649622,-0.032213569547376086,0.0033162038450142983,-0.0904228940659999,-0.15725573444809504,0.0523890040875481
2024-08-07 00:00:00,-0.017968550940289485,-0.10400714095946917,-0.19380614143633024,-0.16533589959261696,-0.13984737834135796,-0.07098351422967697,-0.02958528929656279,-0.08774309988599238,-0.15525282964513554,0.04176146426890548
2024-08-08 00:00:00,0.12144256099404904,0.016974973258837567,-0.07647087571783717,-0.05601769341461316,-0.07495139889212898,0.015173173838934462,0.06379864679392999,0.013512780928980783,-0.05003302497992168,-0.042094482172986836
2024-08-09 00:00:00,-0.013450358103773374,0.04754439893786411,-0.08037493524103312,-0.07444998120431356,-0.09355559595749519,-0.06150808836329835,0.05433809412059021,-0.028689034150890635,-0.06090737024570059,-0.05665380134587006
2024-08-10 00:00:00,0.001079157301276501,0.12880473784444924,-0.056847417758639995,-0.1025775060211137,-0.10577010261264064,-0.06377139455633318,0.0627936844333814,-0.030327890299300053,-0.04915091311418074,-0.048801932659442326
2024-08-11 00:00:00,-0.036529632368097475,0.047920062935763674,-0.10156471139501966,-0.1341012270931683,-0.13117900170525376,-0.08420789512337667,0.014162817108291703,-0.053354566675827386,-0.08611473518207557,-0.04358001642874609
2024-08-12 00:00:00,0.010814659848586317,0.07863446020914266,-0.033551226137570445,-0.13041152254425015,-0.09970253860113276,-0.07220974123975166,0.0020691956542671086,-0.013617298398833966,-0.06056082606191404,-0.09107582905576106
2024-08-13 00:00:00,0.021144992390795814,-0.017834514247083266,-0.0011622813906743135,-0.09294156904244377,-0.0728531593104047,-0.0914491913478317,-0.0029319465931527677,0.06374183377105025,0.005510394712779254,-0.10674682710785455
2024-08-14 00:00:00,-0.0308911115194338,-0.035197762200287475,0.010673180289806128,-0.11274367958384324,-0.10702727067035578,-0.12546041053876456,-0.09454090349598021,0.03661855916293666,-0.049630109692915925,-0.06632421214144746
2024-08-15 00:00:00,-0.020041310813293967,-0.055552870736607196,0.0660963941561068,-0.10924225124479159,-0.15243190182524646,-0.15544714051101016,-0.11578158125445925,-0.01275122262223305,-0.05346343358522043,-0.009391271419104452
2024-08-16 00:00:00,0.023175912946963972,0.0029738185818324325,0.05103638709119718,-0.09889292783919212,-0.13152620123231196,-0.12859528567623857,-0.08148449554479897,0.05452183799931909,-0.044001364798261444,-0.021146335806234817
2024-08-17 00:00:00,0.00993082725079053,0.0020968418314843973,0.08089618606618987,-0.03152473592054883,-0.128588133048544,-0.09781475722329225,-0.07026431181433934,0.04891755970187028,-0.013944995954203954,-0.03590850154042757
2024-08-18 00:00:00,-0.016728732324455264,-0.03507039710947035,-0.05227944785965388,-0.03619191683022083,-0.12475246841761833,-0.10536856719217969,-0.12331242900139361,0.00818384090569646,-0.039473107656688655,-0.00610343580421846
2024-08-19 00:00:00,0.01726094125025579,0.012873999758325372,-0.022776898424022307,0.02368458656860306,-0.10132114192923303,-0.09553113996877483,-0.11420158807539471,0.030323542446228258,-0.05081248535817484,0.01811708010939239
2024-08-20 00:00:00,-0.008079210921579816,0.025237888253343943,-0.0317170196270663,0.0930024158191114,-0.08676140672090749,-0.13104107287641276,-0.13413240981918506,0.029085036284685728,-0.06108299963449593,0.016815474663696817
2024-08-21 00:00:00,0.03664287570061453,0.03873199056755139,0.04182099106264503,0.09174511852216671,-0.06399125721990595,-0.09788848225027635,-0.0948440465005308,0.056576111218644476,-0.01376491646928335,-0.03256802999633035
2024-08-22 00:00:00,-0.012967304646127387,0.015180850743142793,0.017309524417502997,0.09730510973569295,-0.016822457488132936,-0.11535935956055055,-0.08411881771003304,0.019414536864472254,0.003456517059533981,-0.03625930519085219
2024-08-23 00:00:00,0.061482671821355916,0.09593040827497124,0.05749569365242402,0.03863577163775078,0.05626658608697355,-0.04078961537125969,-0.01954620858730305,0.054395172756146026,0.12490240837081834,-0.059066299654043974
2024-08-24 00:00:00,0.0013205019089592707,0.07875722144847352,0.09264514165669269,0.05418647779136099,0.10430714024637533,-0.03054369209309238,-0.024297685666047286,-0.010654517236024175,0.13265623242054358,-0.03941028697693738
2024-08-25 00:00:00,0.0024081210374646833,0.09016265342359886,0.11767605664867253,0.055585943148267924,0.19155041382776639,-0.004421391942029618,-0.052693430290826515,-0.011730244520359312,0.10342432043080585,-0.021654114995294016
2024-08-26 00:00:00,-0.022583597070127692,0.027878437497226294,0.06769021544295839,0.07086533244528348,0.12218126657178896,-0.03789679598745366,-0.0727390226871627,-0.0193099831605289,0.1259026484027974,0.004966811822171291
2024-08-27 00:00:00,-0.05369739018896724,-0.014537155100638688,0.0004230092606913871,0.0025207380756886444,0.08135341516274197,-0.031115061915092723,-0.12821951775894724,-0.0698710250082416,0.049361261543326096,0.06538549252553238
2024-08-28 00:00:00,-0.00800797843742207,-0.07905111817873489,0.00929588405475723,-0.026100523399997022,-0.04346954749064669,-0.027232468638036633,-0.11661626884481602,-0.11516284298914381,0.017555800996635673,0.07828683497769062
2024-08-29 00:00:00,0.006108236397788236,-0.0746476742109562,-0.0017694961709284751,0.011081723094120033,-0.024506090960403792,0.021873180612431264,-0.1029113507274837,-0.11576900497350984,0.028500388883052175,0.06637046487181064
2024-08-30 00:00:00,-0.004524521990973862,-0.0810474002462872,0.0018078045180218716,0.027091317939775594,-0.029966553280424302,0.09497835052463821,-0.08511044986594551,-0.13256709047764736,0.030945420862710016,0.0876613341124759
2024-08-31 00:00:00,-0.002530098940268344,-0.062193394742235286,-0.03604881191307063,0.0012869364114922455,0.0042645821087390345,0.0523890040875481,-0.09773326033737517,-0.12747384322022925,0.01848779771348008,0.07076909074505311
2024-09-01 00:00:00,-0.027885585694078285,-0.036613331348177125,-0.0506182327722563,-0.03620580986571087,-0.03418488589089552,0.04176146426890548,-0.06658916719145347,-0.13047910458691592,-0.03218642545395556,0.13703383059659657
2024-09-02 00:00:00,0.031172733823612075,0.001437555191319273,-0.07772720333273297,0.010746802592457305,-0.024700489151587512,-0.042094482172986836,-0.025834061623380422,-0.09575413979078673,-0.027560015229723067,0.11297417297994183
2024-09-03 00:00:00,-0.02844504270361159,-0.032955316365959275,-0.10514295285731035,-0.03466649823076651,-0.02223879496228609,-0.05665380134587006,-0.011802973340540368,-0.1268859081048307,-0.1146772226898698,0.14724837716331174
2024-09-04 00:00:00,0.00941156177702851,-0.019417247356485312,-0.09889093018459039,-0.017644545425961944,0.007148031761640361,-0.048801932659442326,0.07371688504250495,-0.1463734581393401,-0.10946115991303862,0.13219876078738535
2024-09-05 00:00:00,-0.031240343288065575,-0.04764142775703761,-0.10687184037669573,-0.08197282280162466,-0.046415802833621345,-0.04358001642874609,0.0022516893770105906,-0.17183710984207912,-0.1241181300992159,0.12765223270224801
2024-09-06 00:00:00,-0.03938239218868078,-0.05890458984724356,-0.09336122792941515,-0.10654117637925786,-0.09297771133272748,-0.09107582905576106,-0.01960306750251828,-0.20961001406586954,-0.15670900824620038,0.12768142741943844
2024-09-07 00:00:00,0.003539165966313096,-0.08412424803217122,-0.08280762609032633,-0.15531270883289439,-0.07428151212655443,-0.10674682710785455,-0.12267756354605186,-0.18976717854859182,-0.18843410743772615,0.11993230763014662
2024-09-08 00:00:00,0.012964221602682846,-0.04508812269501006,-0.07655754571320816,-0.14549037719337432,-0.0781915736001414,-0.06632421214144746,-0.09918751049465879,-0.1715902560029644,-0.1834635597962858,0.10790785758492816
2024-09-09 00:00:00,0.039713831911113884,-0.016421918783691924,-0.03552029768108622,-0.11368887014434725,-0.03377670691769363,-0.009391271419104452,-0.06442243006851378,-0.11760759903202223,-0.16337856564225206,0.08853003435431694
2024-09-10 00:00:00,0.011034389872275785,0.026499460773863337,-0.022404439129232623,-0.0832044257447252,-0.057645597630115675,-0.021146335806234817,-0.01823540259076062,-0.11794804058447772,-0.14702230238846492,0.07703968066285083
2024-09-11 00:00:00,-0.005300015516934153,0.06291930254123534,0.0003084769843257895,-0.03631614873389177,-0.05032537034772799,-0.03590850154042757,-0.033886954157078875,-0.0663012314326118,-0.13021087740329063,0.09549142593535676
2024-09-12 00:00:00,0.013669279499548104,0.07364882220182745,-0.01667107761652753,-0.01525748801938076,-0.09310248470958493,-0.00610343580421846,-0.04095978299630276,-0.04207445759343442,-0.11082889271075824,0.07070118204914277
2024-09-13 00:00:00,0.04205082955798245,0.10447794894397866,0.05467911166805939,0.019921827878469633,-0.0562129644496453,0.01811708010939239,0.031224319152667546,0.04223076223021649,-0.07914480517513833,0.025765799126326705
2024-09-14 00:00:00,-0.00934732588201681,0.05236075547299057,0.03507897261546855,0.014980588170697251,-0.06728094980098531,0.016815474663696817,0.042477749987529956,0.1113817702496771,-0.11642911605357298,0.009615520446139003
2024-09-15 00:00:00,-0.013703582981947293,0.02661160978366417,0.05381626386711913,0.003610952462902439,-0.05880701967125346,-0.03256802999633035,0.004902535940599417,0.05618913075378962,-0.12726847722038448,0.018445619328766982
2024-09-16 00:00:00,-0.016733367188517922,0.014811457227225544,0.07866268632681717,0.015124503205210083,-0.0220425865902959,-0.03625930519085219,-0.0216289015478619,0.057517588874304915,-0.14743581452647558,0.07307782721707223
2024-09-17 00:00:00,0.0363626062794542,0.03753035429217344,0.11394324288443669,0.020233605226265272,0.021700247341816636,-0.059066299654043974,0.03119785437982303,-0.022712600081213896,-0.09744662338101162,0.04782878875594543
2024-09-18 00:00:00,0.02223798894564699,0.017803462899773415,0.1241414811316206,0.07345605210380768,0.03807996830177296,-0.03941028697693738,0.036243089772745485,0.01264068617439662,-0.0687502433993058,0.019492320456348633
2024-09-19 00:00:00,0.020937291974474137,0.04891809038955075,0.10384023403163423,0.0857130593581954,0.0646315003264708,-0.021654114995294016,0.06655614596278947,0.032728163747919536,-0.02597976560777171,0.04934295229550112
2024-09-20 00:00:00,0.004012038411551844,0.06775850736917888,0.0961732801104751,0.1252212809481199,0.07161413258114879,0.004966811822171291,0.032983716272342534,0.07618411903842603,-0.03311821041961516,0.06089494468889378
2024-09-21 00:00:00,0.003194394254405042,0.08939865674825787,0.10553423835608156,0.17509368156890215,0.10587527022399845,0.06538549252553238,0.049897818378718206,0.0680710503018278,0.03223595696215886,0.06653347364936724
2024-09-22 00:00:00,0.004004601863112578,0.05538472539582595,0.09499368805447927,0.17563868349812695,0.07673896329131535,0.07828683497769062,-0.006952945044704895,0.05014298420944652,0.04892242256135271,0.05893481493574049
2024-09-23 00:00:00,-0.005010473135318549,0.027252714081670293,0.04554136966551492,0.15477738750424597,0.10271064297103139,0.06637046487181064,-0.01323161017812613,0.07818768707926793,0.08969537864971411,0.08035692862556254
2024-09-24 00:00:00,0.01535087678718594,0.021631741855226982,0.07160801574813513,0.12771822102361985,0.10919892398708031,0.0876613341124759,-0.0004907893657487561,0.11712751312571745,0.19096561355590613,0.06315149759703109
2024-09-25 00:00:00,-0.018021597802944433,-0.0007885691410771667,0.06691650596014487,0.09530887168850666,0.12433396616908077,0.07076909074505311,0.004174326006561646,0.07214710247623324,0.126865617016916,0.09278217987465864
2024-09-26 00:00:00,0.032273891570151925,0.028175474406157086,0.12009298071957009,0.13668318999401352,0.20820250351878355,0.13703383059659657,0.09540323420287633,0.09586659991513535,0.18451802828559316,0.03355013540715723
2024-09-27 00:00:00,0.00935309904070647,0.033652733785972444,0.09090130660135332,0.13184321913589692,0.21520213914238062,0.11297417297994183,0.11457413478011347,0.12493508670746079,0.0661241014964431,0.023874849264446052
2024-09-28 00:00:00,0.0014741358273548943,0.04038932105731963,0.06874275375771788,0.08777007572364526,0.20141806215788782,0.14724837716331174,0.10944044394356145,0.1074772933261301,0.08225239550912988,0.008264779331387917
2024-09-29 00:00:00,-0.003829909793174213,0.020735538326732694,0.042815825994272805,0.09382838482991462,0.15110206541741,0.13219876078738535,0.11021457739247054,0.11222162832145433,0.07694527310633514,0.03848157652387685
2024-09-30 00:00:00,-0.035130555094979754,0.0029513175204280984,0.0021604210614287744,0.07006531533701899,0.0985414759518013,0.12765223270224801,0.07392927032290175,0.03521539604909041,0.07850912987517189,0.052312335680843924
2024-10-01 00:00:00,-0.039357521968434894,-0.06664534783269738,-0.04034763771868999,0.04544399441455149,0.06092854342128251,0.12768142741943844,0.06125581545894221,0.007536921561130727,0.02497690650642892,0.10154489384224274
2024-10-02 00:00:00,-0.0033568819965540397,-0.07839834085502018,-0.04738392556310367,0.005376454127233421,0.04310858864763745,0.11993230763014662,0.025718844403826324,-0.05400741277736587,0.00038308721505075916,0.12033937909906278
2024-10-03 00:00:00,0.0020882627636797935,-0.07783319355545937,-0.040587502341567716,-0.014440907856501206,0.0031054568760100487,0.10790785758492816,0.05795437216737298,-0.0532820745106064,0.03442674180528882,0.15056691007249579
2024-10-04 00:00:00,0.021528753876634443,-0.05435836920369286,-0.034749980924961954,-0.013869941686577958,0.03436965764185107,0.08853003435431694,0.07065428253654105,-0.035223715369612774,0.07830735335384853,0.17163603573077024
2024-10-05 00:00:00,0.0003620681473552878,-0.019573039124736513,-0.016679487857605313,-0.017454904069268973,0.049120885053903995,0.07703968066285083,0.10558065143247042,-0.012574787470983728,0.054264237898914214,0.165076473289413
2024-10-06 00:00:00,0.011741093613744757,0.032577955158616057,-0.03623856182730534,-0.009084126092429479,0.07950242198543322,0.09549142593535676,0.164418982395113,0.055707396374385265,0.05615397037963188,0.11773889896386258
2024-10-07 00:00:00,-0.009269383518558882,0.026452273235788804,-0.05401988195276086,-0.022185064873294413,0.03197094679663537,0.07070118204914277,0.14955706303716654,0.05436497159169118,0.06416622611900502,0.11642348055886731
2024-10-08 00:00:00,-0.001682150134457161,0.022590189391340942,-0.05700127074746919,-0.01891419231504421,0.00782305869137856,0.025765799126326705,0.1329357059159264,0.04620092882014215,0.044349680282573134,0.11519520194666288
2024-10-09 00:00:00,-0.024944762232405493,-0.023931615755383162,-0.076989101354204,-0.057849973489342066,-0.03746962732696835,0.009615520446139003,0.06247975183395549,0.02474015476868674,0.0265926846502762,0.13467699889187057
2024-10-10 00:00:00,-0.005077433013489285,-0.029239019222804696,-0.048239761880324306,-0.04543081521431491,-0.046183559016460096,0.018445619328766982,0.045548096736226285,0.022123178046214553,-0.01472314815116349,0.12504471729338285
2024-10-11 00:00:00,0.036011743668549645,-0.005951440809688013,0.026432628577100825,-0.04197433098124992,-0.014981503263370666,0.07307782721707223,0.08897167355638191,0.08930759625425666,0.034168770786471736,0.11072884471063116
2024-10-12 00:00:00,0.011977460447594401,0.015366558533973063,0.04222531217479619,-0.0394834230968133,-0.0071594144372768564,0.04782878875594543,0.08715417443549511,0.06903014281234898,-0.014062580466847163,0.1969529864291042
2024-10-13 00:00:00,-0.005406426515387475,0.011578681063442176,0.034430435052908104,-0.04608258921822295,-0.007554512651990697,0.019492320456348633,0.03764281416019721,0.09438020146722192,-0.020686164463619927,0.2076881273480493
2024-10-14 00:00:00,0.050830232433260125,0.09019204181721885,0.06410198477287254,0.006259136214206373,0.027124461099801156,0.04934295229550112,0.10067480568553044,0.13928534705270912,0.026620359336992916,0.15896998593785772
2024-10-15 00:00:00,0.015064992457922477,0.11226321869115474,0.07974173305902532,0.058607905873250266,0.061732193933117685,0.06089494468889378,0.1327796026165209,0.19374156861422187,0.06616421024225638,0.1452505470640566
2024-10-16 00:00:00,0.008526251733136592,0.08275476773562884,0.07631081682404273,0.11137482235126983,0.037306860743167025,0.06653347364936724,0.1618801335706741,0.2532767460671046,0.136269290118898,0.19022262360955566
2024-10-17 00:00:00,-0.0031485616380424464,0.06657083758875193,0.08296036079518787,0.11160712416247054,0.024458969945512443,0.05893481493574049,0.11758362887303608,0.24492473174138651,0.14183547004474595,0.3160489657163714
2024-10-18 00:00:00,0.015118035686984221,0.0885806247277805,0.10118495259334592,0.12606092922732448,0.038416010967533554,0.08035692862556254,0.10979958710754656,0.2475717516103384,0.15206072020592276,0.28555055862875744
2024-10-19 00:00:00,-0.0008192879217548965,0.03507562896384919,0.1284312133753407,0.10142603117046134,0.041554308317539146,0.06315149759703109,0.08614931634604805,0.19893531554872124,0.1563487762400637,0.32505179745452506
2024-10-20 00:00:00,0.009346740674458287,0.0292446495631995,0.14479096674381364,0.11131840166109819,0.08956652310534574,0.09278217987465864,0.09192044556969026,0.196934016439819,0.1701173811267851,0.26446777015694134
2024-10-21 00:00:00,-0.023678423698328066,-0.00362161427652985,0.07883344761081656,0.07241283420384925,0.10734985142806663,0.03355013540715723,0.06267090079480164,0.1748190649333521,0.1751814695756313,0.3517724804985687
2024-10-22 00:00:00,-9.567341618454961e-05,-0.0005701747929421908,0.06596270578227159,0.082342884095707,0.11097331380061837,0.023874849264446052,0.058331036996895236,0.15886580538375195,0.1395462635950595,0.3443673700398735
2024-10-23 00:00:00,-0.01379441121005398,-0.029035792319932252,0.05697282378468249,0.0692111750040112,0.09336485794668992,0.008264779331387917,0.04898790921459084,0.0967602553627882,0.15673013183885942,0.3524444155407047
2024-10-24 00:00:00,0.02602442034118191,-0.0029501407359410203,0.0320220101860631,0.1251021824850549,0.09817666936827951,0.03848157652387685,0.06001505105549354,0.13592062552473538,0.17576755404086364,0.32836325728986315
2024-10-25 00:00:00,-0.022280180844656217,-0.03419175115469297,-0.005947027371964619,0.10564855888476887,0.07332047941787079,0.052312335680843924,0.0554180435141014,0.1260429313133571,0.18664235483062108,0.3856609242260671
2024-10-26 00:00:00,0.00558625096700216,-0.005242207400251719,-0.008844836423620328,0.07317797892811195,0.06679102370826073,0.10154489384224274,0.028132051238794586,0.1516034938453874,0.24219171825461383,0.40774335759612423
2024-10-27 00:00:00,0.01364777618155344,0.008430504299336894,0.007855522645351387,0.07494930895630159,0.0914675804334324,0.12033937909906278,0.03250663058315295,0.12636283237772217,0.25470426616333897,0.4501066711136925
2024-10-28 00:00:00,0.029125296867722028,0.05231744162075036,0.021762570931207703,0.11227093778775732,0.1251495682325372,0.15056691007249579,0.06101461306231637,0.13395167934139973,0.27472212034652954,0.41611842748586225
2024-10-29 00:00:00,0.04023493905417541,0.06689212074114437,0.06374463883489145,0.10105615109894783,0.20036265352197025,0.17163603573077024,0.10794781152816602,0.15538551223729113,0.2753610142247713,0.3445629740499341
2024-10-30 00:00:00,-0.005238593875544262,0.08548797459013113,0.04837323988153375,0.07903254789330516,0.20016821479232516,0.165076473289413,0.1422723858944095,0.1447401752147841,0.25483359273943007,0.3549135311439835
2024-10-31 00:00:00,-0.029366396164960396,0.04775806519115844,0.04226550010814001,0.03849081649301378,0.1244308828074765,0.11773889896386258,0.1541525466933482,0.1075852178672616,0.22447338024933772,0.3259566796001221
2024-11-01 00:00:00,-0.010435331387529279,0.022864536311307138,0.03148780018231889,0.030899671839427434,0.09952752646374763,0.11642348055886731,0.1459554195134607,0.09165555321659968,0.19535594030179726,0.3238637309141379
2024-11-02 00:00:00,-0.0027804900426771084,-0.008847149363005458,0.04300743203743562,0.012722884852650829,0.10243051066901887,0.11519520194666288,0.14038767276695285,0.09410218542822912,0.14392909750666383,0.384955080190871
2024-11-03 00:00:00,-0.00791112711687536,-0.05472150806872589,0.0085101749475478,0.005534927997824068,0.04080469804246656,0.13467699889187057,0.10752234494791901,0.06903596458700956,0.1455875087744789,0.3914884229928344
2024-11-04 00:00:00,-0.013523338185854272,-0.06259414019887333,0.01754278812444543,-0.017248781676358127,0.011491433311324073,0.12504471729338285,0.09214951317792663,0.073933018634186,0.14579686387641688,0.43724165088590583
2024-11-05 00:00:00,0.02282879023690776,-0.012185753972386637,0.034990343186155126,0.029564709149915602,0.025836022900646904,0.11072884471063116,0.10411840773572267,0.06410674455232579,0.19189849530941272,0.39056607641520236
2024-11-06 00:00:00,0.09053568676993895,0.08860665842417981,0.11349714489445017,0.12288448736178226,0.12224424693170266,0.1969529864291042,0.2153460345574807,0.1496931852389296,0.25420179796781994,0.2861049007199279
2024-11-07 00:00:00,0.003513808689745934,0.09547777901679622,0.08578592348198133,0.1425914651463822,0.1094154166578647,0.2076881273480493,0.22167156299871804,0.1520347314717443,0.23122877133764508,0.2629666331886278
2024-11-08 00:00:00,0.008439738809541852,0.11353262347646509,0.05259843903610828,0.12300898091205181,0.11969594637063552,0.15896998593785772,0.26349985537446674,0.16622413694801974,0.216156986665907,0.25418468045088805
2024-11-09 00:00:00,0.0030490452928257916,0.13223949244418676,0.06136793491543413,0.1521021299662646,0.11270974063366634,0.1452505470640566,0.2738200596852731,0.2123712833276752,0.21499051578244766,0.28640255929798397
2024-11-10 00:00:00,0.048129393514959595,0.1602464692593757,0.14610799123765061,0.20084389139928605,0.19454881866524576,0.19022262360955566,0.28871922038005504,0.3227834568725323,0.2694122691743628,0.20030500851592947
2024-11-11 00:00:00,0.10223522760015435,0.17269388487804238,0.2766023713715555,0.3057912926468813,0.3167997717535773,0.3160489657163714,0.40365944767192086,0.4629294060369695,0.3936100679572385,0.12648296295774353
2024-11-12 00:00:00,-0.008406532091926988,0.15876392136455353,0.2694001269812347,0.25816955445641376,0.32399376667069246,0.28555055862875744,0.3994254302312399,0.4476082566182047,0.38885345311304054,0.13606290587674352
2024-11-13 00:00:00,0.029882636380625716,0.18340322812592724,0.31775810124558146,0.24564839067564237,0.32897245322572966,0.32505179745452506,0.3715288226599214,0.45944654236562354,0.40873080285741636,0.1175906591703002
2024-11-14 00:00:00,-0.03680261786927608,0.13638599895499404,0.28666110667748246,0.20612366097767465,0.30923272985989003,0.26446777015694134,0.30144668697914123,0.4052263012827848,0.38178784625335105,0.116701878706722
2024-11-15 00:00:00,0.04373133907381366,0.13161761108181436,0.31295533780940454,0.29695598708612714,0.35889609566744984,0.3517724804985687,0.3468768819845749,0.4496581570102376,0.3971246302589646,0.06159731835999116
2024-11-16 00:00:00,-0.005573223886622736,0.020935300018760206,0.19724458318812954,0.30332842502087987,0.33312842512032836,0.3443673700398735,0.34360084565302285,0.4550664565731173,0.3764639383556154,0.11721216047814398
2024-11-17 00:00:00,-0.007869224693816235,0.02148850665781743,0.18366402760363454,0.2966776400613056,0.2852057393040137,0.3524444155407047,0.3131751203668127,0.4460486826678898,0.3636220701931163,0.11349604083174047
2024-11-18 00:00:00,0.007755383808848215,-0.0004583962100853656,0.18286076057115142,0.31715404592616103,0.24507739017425778,0.32836325728986315,0.32444439873240505,0.4945443999097816,0.37948076962676924,0.12056879622843453
2024-11-19 00:00:00,0.019892819836786257,0.05837632425699901,0.2027240365111045,0.3617716526497565,0.27653272690494624,0.3856609242260671,0.3382827507201476,0.532054003973488,0.4581480836340095,0.09777787742052557
2024-11-20 00:00:00,0.02161166598491282,0.03594628175355985,0.17229505656705135,0.36015120031214143,0.3435767324198913,0.40774335759612423,0.4003636749492785,0.5107591713544832,0.550692507400345,0.10556769910533381
2024-11-21 00:00:00,0.044151545428309014,0.0877471695818095,0.11051948292156188,0.30229940666004107,0.4176918053519796,0.4501066711136925,0.46233180163901344,0.5587911640265868,0.6246116075429231,0.07639219406111941
2024-11-22 00:00:00,0.005004201495724558,0.10186126950595686,0.12553862273172678,0.3042335481238747,0.42875887061793816,0.41611842748586225,0.49020612064392255,0.575107371358224,0.6293390034091302,0.072152586302344
2024-11-23 00:00:00,-0.012327389984975179,0.0799031326572821,0.07940810915401286,0.2773750408381619,0.42239878038787504,0.3445629740499341,0.43450364285415466,0.4804393331175749,0.5753384327062394,0.023157299768958417
2024-11-24 00:00:00,0.002419161787646784,0.061401327664412975,0.12336203573496007,0.27657288916678824,0.44538624009821337,0.3549135311439835,0.4707423446662451,0.4619957996854076,0.5785778784773377,-0.0053346271559758796
2024-11-25 00:00:00,-0.05011051933125821,-0.01311428844710194,0.02236058339894087,0.1569212410501193,0.3423137851395761,0.3259566796001221,0.3892818051451168,0.3769938348322963,0.4820733591300197,0.04998408168971391
2024-11-26 00:00:00,-0.011997304040733403,-0.06618368963100996,0.01575604851319734,0.03702120613469151,0.2161084269230047,0.3238637309141379,0.35413326126084677,0.364770685759505,0.4779925542528096,0.0569591564414873
2024-11-27 00:00:00,0.04323745271515378,-0.030658630597423353,0.06807971187456574,0.0910311498742622,0.26424753355917807,0.384955080190871,0.37270217573536923,0.4025757042022333,0.5444952603405151,-0.008936756240472743
2024-11-28 00:00:00,-0.0032310787967048116,-0.021731147285300456,0.056435598627649464,0.05595133255303919,0.2496162156871411,0.3914884229928344,0.31534407802649334,0.39919021122390563,0.5788899077942911,-0.0101014283805404
2024-11-29 00:00:00,0.018912786163713058,-0.005634887745820882,0.05542045032975884,0.11703201676567665,0.2693795442369753,0.43724165088590583,0.34727874549069315,0.4124509834336063,0.6169611268032087,0.01246204932635675
2024-11-30 00:00:00,-0.010388394458550332,0.035947102540266895,0.02236139342161425,0.05911148412350964,0.19850920753316093,0.39056607641520236,0.3736209803256596,0.431677758018157,0.5445418515504528,0.029550736751486006
2024-12-01 00:00:00,0.008613193542348574,0.05755775739012714,-0.012435316991848078,0.07422068872107412,0.09670982112580906,0.2861049007199279,0.4000623583556824,0.4441472421383721,0.5394071017778244,-0.015257778124358246
2024-12-02 00:00:00,-0.01454037255458307,-0.0010131721332642396,-0.031640740260522215,0.06699756327438955,0.08992574751668636,0.2629666331886278,0.3835518822977988,0.4430548958459877,0.5252698081386444,-0.01773785957331575
2024-12-03 00:00:00,0.0014276215513644441,0.003655894270894189,-0.018154699791266715,0.06029781548024071,0.059811778980062735,0.25418468045088805,0.39657555754646934,0.40846065986865887,0.4535624014656423,-0.008731411246670318
2024-12-04 00:00:00,0.02881567529768403,0.013410500538072911,0.0077000461271046206,0.06957416684679907,0.13201197522755748,0.28640255929798397,0.4565157808184521,0.48206712856126144,0.4732532347806184,-0.05303617074390787
2024-12-05 00:00:00,-0.022020788503929523,0.0014983622749671355,0.037499326597574933,0.023893261164900315,0.060698416816304945,0.20030500851592947,0.39264964816495196,0.441378937292322,0.42863017636751954,-0.04089671147075091
2024-12-06 00:00:00,0.03444474217316973,0.02714769327165456,0.08626801100481307,0.014374786108376059,0.1033833024845392,0.12648296295774353,0.3210196820798443,0.4709516443452808,0.482506738297652,-0.06496658952477241
